<?xml version="1.0" encoding="UTF-8" standalone="yes"?>
<addon id="plugin.video.SkullRock" version="1.0.0" name="[B][COLOR red]SKULL ROCK[/B][/COLOR]" provider-name="FOLIVER FOR KODI">
  <requires>
    <import addon="xbmc.python" version="2.1.0"/>
    <import addon="script.module.addon.common" version="2.0.0"/>
    <import addon="plugin.video.youtube" version="5.0.0"/>
  </requires>
	
  <extension point="xbmc.python.pluginsource" library="default.py">
    <provides>video</provides>
  </extension>
	
  <extension point="xbmc.addon.metadata">
    <summary lang="en">Skull Rock</summary>
    <description lang="en">Classics of the world rock.
All links are found on the internet.
Suggestions, please send us an e-mail: foliver.kodi@gmail.com
Thank you !! </description>
    <platform>all</platform>
    <forum></forum>
    <website></website>
  </extension>
</addon>
