﻿<?xml version="1.0" encoding="UTF-8" standalone="yes"?>
<addon id="repository.foliver" name="[B][COLOR green].FOLIVER [COLOR blue]FOR [COLOR yellow]KODI [COLOR white]Repository[/B][/COLOR]" version="0.0.7" provider-name="FOLIVER FOR KODI">
	<extension point="xbmc.addon.repository" name="Foliver For Kodi Repository">
		<info compressed="false">http://raw.github.com/foliverkodi/repository.foliver/master/addons.xml</info>
		<checksum>http://raw.github.com/foliverkodi/repository.foliver/master/addons.xml.md5</checksum>
		<datadir zip="true">http://raw.github.com/foliverkodi/repository.foliver/master/repo/</datadir>
	</extension>
	<extension point="xbmc.addon.metadata">
		<summary>OS MEU ADDONS</summary>
		<description>FOLIVER FOR KODI ADDONS E BUILDS</description>
		<disclaimer></disclaimer>
		<platform>all</platform>
	</extension>
</addon>