<?xml version="1.0" encoding="UTF-8" standalone="yes"?>
<addon id="plugin.video.racecrash" version="1.0.0" name="[B][COLOR yellow]RACE CRASH[/B][/COLOR]" provider-name="FOLIVER FOR KODI">
  <requires>
    <import addon="xbmc.python" version="2.1.0"/>
    <import addon="script.module.addon.common" version="2.0.0"/>
    <import addon="plugin.video.youtube" version="5.0.0"/>
  </requires>
	
  <extension point="xbmc.python.pluginsource" library="default.py">
    <provides>video</provides>
  </extension>
	
  <extension point="xbmc.addon.metadata">
    <summary lang="en">Race Crash</summary>
    <description lang="en">Esse addon contem videos acidentes automotores em competicoes </description>
    <platform>all</platform>
    <forum></forum>
    <website></website>
  </extension>
</addon>
