<?xml version="1.0" encoding="UTF-8" standalone="yes"?>
<addon id="plugin.video.brfilmes" name="[B][COLOR green]BR[COLOR yellow]FILMES[/B][/COLOR]" version="1.0.1" provider-name="FOLIVER FOR KODI">
  <requires>
    <import addon="xbmc.python" version="2.1.0"/>
  </requires>
  <extension point="xbmc.python.pluginsource" library="default.py">
        <provides>video</provides>
  </extension>
  <extension point="xbmc.addon.metadata">
    <summary lang="en">LISTA DE FILMES</summary>
    <description lang="en">FILMES DUBLADOS EM PT-BR</description>
    <platform>all</platform>
  </extension>
</addon>
